{
    "CraneLeg1#5": {
        "shape": [
            1,
            1,
            10,
            0
        ],
        "position": [
            -33.099918365479,
            -8.975001335144,
            4.9250087738037
        ]
    },
    "Cuboid65": {
        "shape": [
            1,
            3,
            1,
            0
        ],
        "position": [
            -8.7579975128174,
            -9.4278163909912,
            0.49999976158142
        ]
    },
    "CraneLeg2#5": {
        "shape": [
            1,
            1,
            10,
            0
        ],
        "position": [
            -32.974983215332,
            -5.6250019073486,
            4.9250054359436
        ]
    },
    "Cuboid73": {
        "shape": [
            1,
            3,
            1,
            0
        ],
        "position": [
            -0.14595752954483,
            -1.6188147068024,
            0.50000691413879
        ]
    },

    "CraneLeg0#5": {
        "shape": [
            1,
            1,
            10,
            0
        ],
        "position": [
            -36.499988555908,
            -5.5500011444092,
            4.9250059127808
        ]
    },

    "Cuboid75": {
        "shape": [
            1,
            3,
            1,
            0
        ],
        "position": [
            9.2289600372314,
            -1.6188291311264,
            0.49999809265137
        ]
    },
    "Cuboid63": {
        "shape": [
            1,
            3,
            1,
            0
        ],
        "position": [
            -11.788994789124,
            -9.4278144836426,
            0.49999976158142
        ]
    },
    "Cuboid69": {
        "shape": [
            1,
            3,
            1,
            0
        ],
        "position": [
            -8.5549964904785,
            -1.6188142299652,
            0.49999952316284
        ]
    },
    "Cuboid70": {
        "shape": [
            1,
            3,
            1,
            0
        ],
        "position": [
            2.9250009059906,
            -9.4278135299683,
            0.5
        ]
    },
    "Cuboid71": {
        "shape": [
            1,
            3,
            1,
            0
        ],
        "position": [
            9.020938873291,
            -9.4278316497803,
            0.49999058246613
        ]
    },
    "Cuboid74": {
        "shape": [
            1,
            3,
            1,
            0
        ],
        "position": [
            2.9980428218842,
            -1.6188145875931,
            0.5000074505806
        ]
    },
    "Cuboid64": {
        "shape": [
            1,
            3,
            1,
            0
        ],
        "position": [
            -5.6680574417114,
            -9.4278297424316,
            0.49999141693115
        ]
    },
    "Cuboid67": {
        "shape": [
            1,
            3,
            1,
            0
        ],
        "position": [
            -11.690957069397,
            -1.6188147068024,
            0.50000709295273
        ]
    },
    "Cuboid76": {
        "shape": [
            1,
            3,
            1,
            0
        ],
        "position": [
            6.134003162384,
            -1.6188143491745,
            0.50000041723251
        ]
    },
    "Cuboid72": {
        "shape": [
            1,
            3,
            1,
            0
        ],
        "position": [
            5.9060010910034,
            -9.4278144836426,
            0.5
        ]
    },
    "Cuboid68": {
        "shape": [
            1,
            3,
            1,
            0
        ],
        "position": [
            -5.4600377082825,
            -1.6188287734985,
            0.49999845027924
        ]
    },
    "Containers0": {
        "shape": [
            1,
            3,
            1,
            0
        ],
        "position": [
            -14.803997039795,
            -9.4278144836426,
            0.5
        ]
    },

    "Containers": {
        "shape": [
            1,
            3,
            1,
            0
        ],
        "position": [
            -0.13999900221825,
            -9.4278144836426,
            0.49999952316284
        ]
    },
    "CraneLeg#5": {
        "shape": [
            1,
            1,
            10,
            0
        ],
        "position": [
            -36.525005340576,
            -8.9750003814697,
            4.9250044822693
        ]
    },
    "Cuboid66": {
        "shape": [
            1,
            3,
            1,
            0
        ],
        "position": [
            -14.834955215454,
            -1.6188145875931,
            0.50000762939453
        ]
    },
     "Office": {
        "shape": [
            6.3423,
            14.799,
            1.895,
            0
        ],

        "position": [
            -23.8,
            -0.05,
            0.9477
        ]
    }
}